<?xml version="1.0" encoding="utf-8"?>
<!DOCTYPE install PUBLIC "-//Joomla! 1.5//DTD plugin 1.0//EN" "http://www.joomla.org/xml/dtd/1.5/plugin-install.dtd">
<install type="plugin" version="1.5" group="system" method="upgrade">
	<name>HelloWorld</name>
	<creationDate></creationDate>
	<author></author>
	<authorEmail></authorEmail>
	<authorUrl></authorUrl>
	<copyright></copyright>
	<license></license>
	<version></version>
	<description></description>
	<files>
		<filename plugin="plg_helloworld">plg_helloworld.php</filename>
	</files>
</install>