<?xml version="1.0" encoding="utf-8"?>
<extension type="module" version="1.7.0" method="upgrade">
	<name>HelloWorld Module</name>
	<creationDate></creationDate>
	<author></author>
	<authorEmail></authorEmail>
	<authorUrl></authorUrl>
	<copyright></copyright>
	<license></license>
	<version></version>
	<description></description>

	<files>
		<filename>mod_helloworld.php</filename>
		<filename>helper.php</filename>
	</files>

	<media destination="mod_helloworld" folder="media">
		<folder>images</folder>
		<folder>css</folder>
		<folder>js</folder>
		<filename>index.html</filename>
	</media>

</install>
