<?xml version="1.0" encoding="utf-8"?>
<!DOCTYPE install PUBLIC "-//Joomla! 1.5//DTD template 1.0//EN" "http://www.joomla.org/xml/dtd/1.5/template-install.dtd">
<install version="1.5" type="template" method="upgrade">
	<name>HelloWorld</name>
	<creationDate></creationDate>
	<author></author>
	<authorEmail></authorEmail>
	<authorUrl></authorUrl>
	<copyright></copyright>
	<license></license>
	<version></version>
	<description></description>
	<files>
		<folder>html</folder>
		<folder>images</folder>
		<folder>css</folder>
		<folder>js</folder>
		<filename>index.php</filename>
		<filename>index.html</filename>
		<filename>component.php</filename>
		<filename>favicon.ico</filename>
		<filename>templateDetails.xml</filename>
		<filename>template_thumbnail.png</filename>
		<filename>params.ini</filename>
	</files>
</install>