<?xml version="1.0" encoding="utf-8"?>
<extension type="component" version="1.6.0" method="upgrade">
	<name>HelloWorld</name>
	<creationDate></creationDate>
	<author></author>
	<authorEmail></authorEmail>
	<authorUrl></authorUrl>
	<copyright></copyright>
	<license></license>
	<version></version>
	<description></description>
        <install> <!-- Runs on install -->
                <sql>
                        <file driver="mysql" charset="utf8">sql/install.mysql.utf8.sql</file>
                </sql>
        </install>
        <uninstall> <!-- Runs on uninstall -->
                <sql>
                        <file driver="mysql" charset="utf8">sql/uninstall.mysql.utf8.sql</file>
                </sql>
        </uninstall>
        <update> <!-- Runs on update -->
                <sql>
                        <file driver="mysql" charset="utf8">sql/update.mysql.utf8.sql</file>
                </sql>
        </update>
	<media destination="com_helloworld" folder="media">
		<folder>images</folder>
		<folder>css</folder>
		<folder>js</folder>
		<filename>index.html</filename>
	</media>
	<languages folder="language/site">
		<language tag="en-GB">en-GB.com_helloworld.ini</language>
	</languages>
	<files folder="site">
		<folder>views</folder>
		<folder>helpers</folder>
		<folder>models</folder>
		<folder>controllers</folder>
		<filename>index.html</filename>
		<filename>helloworld.php</filename>
		<filename>router.php</filename>
		<filename>controller.php</filename>
	</files>
	<administration>
		<menu>HelloWorld</menu>
		<files folder="admin">
			<folder>views</folder>
			<folder>models</folder>
			<folder>sql</folder>
			<folder>controllers</folder>
			<folder>tables</folder>
			<filename>index.html</filename>
			<filename>config.xml</filename>
			<filename>admin.helloworld.php</filename>
			<filename>controller.php</filename>
		</files>
		<languages folder="language/admin">
			<language tag="en-GB">en-GB.com_helloworld.ini</language>
			<language tag="en-GB">en-GB.com_helloworld.menu.ini</language>
		</languages>
	</administration>
</extension>